Residue,Assignment,N_ppm_dia,H_ppm_dia,NW_Hz_dia,HW_Hz_dia,R2_MQ_diamagnetic,R2_MQ_diamagnetic_error,R2_H_diamagnetic,R2_H_diamagnetic_error,Diamagnetic_height,Diamagnetic_height_error,Diamagnetic_RMS_noise,Assignment,N_ppm_para,H_ppm_para,NW_Hz_para,HW_Hz_para,R2_MQ_paramagnetic,R2_MQ_paramagnetic_error,R2_H_paramagnetic,R2_H_paramagnetic_error,Paramagnetic_height,Paramagnetic_height_error,Paramagnetic_RMS_noise,Adjusted_ratio_paramagnetic:diamagnetic,Ratio_paramagnetic:diamagnetic,Fitting_error,Noise_error,Combined_error,Fitting_error (%),Noise_error (%),Combined_error (%),,R2_SP,R2_SP_fitting_error,R2_SP_noise_error,R2_SP_combined_error,98% confidence R2_SP rates (s^-1) ,Combined error + 2%,95% confidence R2_SP rates (s^-1) ,Combined error + 5%,PRE >0.9 and <0.1 ,PRE >1 and <0 
652,652E,119.632,8.205,31.136,30.626,97.817,18.36,96.214,18.06,4.77E+06,1.71E+05,,652E,119.735,8.192,68.473,57.079,215.114,40.37,179.319,33.65,4.46E+06,1.71E+05,,0.9356,0.9356,0.0490,0.1686,0.18,5.23,18.02,18.77,,2.13,0.11,0.38,0.40,,,,,3.65,
653,653H,120.226,8.032,34.037,41.924,106.930,38.43,131.708,47.33,2.88E+06,1.71E+05,,653H,120.17,8.032,45.207,68.631,142.022,51.04,215.611,77.49,2.10E+06,1.71E+05,,0.7278,0.7278,0.0732,0.2511,0.26,10.06,34.50,35.94,,11.76,1.18,4.06,4.23,11.76,4.31,,,,
655,655Y,122.547,8.133,29.496,31.388,92.664,23.36,98.608,24.86,4.53E+06,1.71E+05,,655Y,122.61,8.12,38.692,43.811,121.555,30.64,137.636,34.70,2.85E+06,1.71E+05,,0.6297,0.6297,0.0445,0.1524,0.16,7.07,24.20,25.21,,15.27,1.08,3.69,3.85,15.27,3.93,,,,
656,656A,125.749,8.119,29.953,35.505,94.100,17.97,111.542,21.30,5.37E+06,1.71E+05,,656A,125.722,8.114,36.781,35.769,115.551,22.07,112.372,21.46,3.97E+06,1.71E+05,,0.7385,0.7385,0.0395,0.1354,0.14,5.34,18.33,19.10,,10.26,0.55,1.88,1.96,10.26,2.00,,,,
658,658G,110.322,8.296,34.508,34.712,108.410,23.16,109.051,23.30,4.27E+06,1.71E+05,,658G,110.28,8.296,37.787,37.607,118.711,25.36,118.146,25.24,3.85E+06,1.71E+05,,0.9029,0.9029,0.0538,0.1852,0.19,5.96,20.52,21.37,,3.53,0.21,0.72,0.75,,,,,3.65,
660,660G,109.504,8.31,28.869,35.121,90.695,14.44,110.336,17.56,5.54E+06,1.71E+05,,660G,109.471,8.304,41.344,45.229,129.886,20.67,142.091,22.62,5.34E+06,1.71E+05,,0.9652,0.9652,0.0428,0.1475,0.15,4.44,15.29,15.92,,1.15,0.05,0.18,0.18,,,,,3.65,
662,662V,122.122,7.989,29.176,30.049,91.659,11.33,94.402,11.67,8.02E+06,1.71E+05,,662V,122.125,7.984,38.057,29.926,119.560,14.78,94.015,11.62,6.26E+06,1.71E+05,,0.7807,0.7807,0.0270,0.0927,0.10,3.46,11.87,12.36,,7.86,0.27,0.93,0.97,7.86,0.99,,,,
663,663K,126.818,8.313,29.546,33.461,92.821,17.03,105.121,19.28,4.89E+06,1.71E+05,,663K,126.815,8.312,35.605,41.876,111.856,20.52,131.557,24.13,4.56E+06,1.71E+05,,0.9316,0.9316,0.0477,0.1641,0.17,5.12,17.61,18.34,,2.29,0.12,0.40,0.42,,,,,3.65,
664,664V,123.228,8.167,26.759,30.361,84.066,11.57,95.382,13.13,7.28E+06,1.71E+05,,664V,123.219,8.164,27.508,27.38,86.419,11.90,86.017,11.84,5.58E+06,1.71E+05,,0.7664,0.7664,0.0295,0.1013,0.11,3.85,13.22,13.77,,8.24,0.32,1.09,1.14,8.24,1.16,,,,
667,667,118.814,8.201,33.574,49.647,105.476,21.55,155.971,31.87,3.98E+06,1.71E+05,,667,118.791,8.196,40.281,39.985,126.546,25.86,125.617,25.67,4.57E+06,1.71E+05,,1.1488,1.1488,0.0653,0.2255,0.23,5.68,19.63,20.43,,0.00,0.00,0.00,0.00,,,,,,3.65
671,671,120.364,8.294,27.665,29.301,86.912,11.49,92.052,12.17,6.41E+06,1.71E+05,,671,120.347,8.291,31.4,34.485,98.646,13.05,108.338,14.33,6.70E+06,1.71E+05,,1.0452,1.0452,0.0385,0.1328,0.14,3.68,12.70,13.23,,0.00,0.00,0.00,0.00,,,,,,3.65
672,672A,125.287,8.244,34.358,31.642,107.939,16.70,99.406,15.38,5.50E+06,1.71E+05,,672A,125.312,8.24,34.037,39.513,106.930,16.54,124.134,19.20,5.71E+06,1.71E+05,,1.0377,1.0377,0.0447,0.1542,0.16,4.31,14.86,15.47,,0.00,0.00,0.00,0.00,,,,,,3.65
673,673T,114.655,8.049,32.597,34.068,102.406,15.18,107.028,15.86,5.95E+06,1.71E+05,,673T,114.64,8.047,38.663,36.439,121.463,18.00,114.476,16.96,5.74E+06,1.71E+05,,0.9656,0.9656,0.0399,0.1374,0.14,4.13,14.23,14.82,,1.17,0.05,0.17,0.17,,,,,3.65,
674,674I,124.166,8.066,27.722,29.483,87.091,10.80,92.624,11.49,7.11E+06,1.71E+05,,674I,124.186,8.064,31.3,33.205,98.332,12.20,104.317,12.94,6.85E+06,1.71E+05,,0.9633,0.9633,0.0333,0.1148,0.12,3.46,11.91,12.41,,1.13,0.04,0.13,0.14,,,,,3.65,
675,675A,128.91,8.259,29.197,35.709,91.725,13.03,112.183,15.93,6.07E+06,1.71E+05,,675A,128.91,8.255,34.971,32.803,109.865,15.60,103.054,14.63,6.12E+06,1.71E+05,,1.0082,1.0082,0.0399,0.1375,0.14,3.96,13.64,14.20,,0.00,0.00,0.00,0.00,,,,,,3.65
677,677V,119.422,8.02,30.915,33.112,97.122,11.42,104.024,12.23,7.54E+06,1.71E+05,,677V,119.422,8.016,33.153,32.092,104.153,12.24,100.820,11.85,7.20E+06,1.71E+05,,0.9547,0.9547,0.0313,0.1078,0.11,3.28,11.29,11.76,,1.51,0.05,0.17,0.18,,,,,3.65,
678,678D,124.261,8.32,25.476,28.426,80.035,11.48,89.303,12.81,5.35E+06,1.71E+05,,678D,124.294,8.319,34.037,32.698,106.930,15.34,102.724,14.74,7.17E+06,1.71E+05,,1.3416,1.3416,0.0534,0.1849,0.19,3.98,13.78,14.35,,0.00,0.00,0.00,0.00,,,,,,3.65
679,679T,115.285,8.063,38.122,41.482,119.764,22.69,130.320,24.70,4.26E+06,1.71E+05,,679T,115.281,8.059,32.932,34.556,103.459,19.61,108.561,20.57,4.99E+06,1.71E+05,,1.1721,1.1721,0.0617,0.2134,0.22,5.27,18.20,18.95,,0.00,0.00,0.00,0.00,,,,,,3.65
681,681G,109.631,8.22,32.619,43.759,102.476,22.49,137.473,30.16,3.90E+06,1.71E+05,,681G,109.557,8.221,64.66,45.702,203.135,44.57,143.577,31.50,4.00E+06,1.71E+05,,1.0255,1.0255,0.0627,0.2161,0.23,6.11,21.07,21.94,,0.00,0.00,0.00,0.00,,,,,,3.65
682,682V,119.677,7.834,28.805,32.609,90.494,8.40,102.444,9.50,9.48E+06,1.71E+05,,682V,119.66,7.831,30.851,31.642,96.921,8.99,99.406,9.22,9.19E+06,1.71E+05,,0.9693,0.9693,0.0251,0.0864,0.09,2.59,8.91,9.28,,0.99,0.03,0.09,0.09,,,,,3.65,
684,684R,121.28,8.321,26.866,33.54,84.402,14.43,105.369,18.01,5.25E+06,1.71E+05,,684R,121.266,8.321,46.483,51.679,146.031,24.96,162.354,27.75,4.89E+06,1.71E+05,,0.9304,0.9304,0.0444,0.1527,0.16,4.77,16.42,17.09,,2.26,0.11,0.37,0.39,,,,,3.65,
685,685T,114.955,8.342,23.452,33.551,73.677,37.10,105.404,53.08,1.93E+06,1.71E+05,,685T,114.955,8.348,45.007,45.173,141.394,71.20,141.915,71.47,1.56E+06,1.71E+05,,0.8061,0.8061,0.1135,0.3898,0.41,14.08,48.35,50.36,,6.52,0.92,3.15,3.28,,,6.52,3.45,,
686,686D,122.177,8.222,28.441,27.671,89.350,13.81,86.931,13.44,5.20E+06,1.71E+05,,686D,122.17,8.216,37.273,32.676,117.097,18.10,102.655,15.87,6.16E+06,1.71E+05,,1.1861,1.1861,0.0509,0.1761,0.18,4.29,14.85,15.45,,0.00,0.00,0.00,0.00,,,,,,3.65
688,688G,108.494,8.08,25.59,38.75,80.393,11.12,121.737,16.83,6.03E+06,1.71E+05,,688G,108.502,8.075,42.149,41.322,132.415,18.31,129.817,17.95,6.54E+06,1.71E+05,,1.0856,1.0856,0.0418,0.1442,0.15,3.85,13.28,13.83,,0.00,0.00,0.00,0.00,,,,,,3.65
689,689D,121.594,8.21,32.69,33.264,102.699,12.35,104.502,12.56,7.04E+06,1.71E+05,,689D,121.607,8.206,32.02,37.659,100.594,12.09,118.309,14.22,7.39E+06,1.71E+05,,1.0510,1.0510,0.0352,0.1213,0.13,3.35,11.55,12.02,,0.00,0.00,0.00,0.00,,,,,,3.65
691,691F,119.307,8.142,26.709,28.772,83.909,10.32,90.390,11.12,7.68E+06,1.71E+05,,691F,119.292,8.137,37.594,32.888,118.105,14.53,103.321,12.71,6.50E+06,1.71E+05,,0.8463,0.8463,0.0291,0.1000,0.10,3.44,11.81,12.30,,5.02,0.17,0.59,0.62,,,5.02,0.65,,
692,692E,122.38,7.827,29.033,30.395,91.210,11.42,95.489,11.96,6.88E+06,1.71E+05,,692E,122.37,7.824,41.757,32.591,131.183,16.43,102.388,12.82,6.95E+06,1.71E+05,,1.0106,1.0106,0.0353,0.1216,0.13,3.49,12.03,12.52,,0.00,0.00,0.00,0.00,,,,,,3.65
693,693V,122.308,8.031,31.029,35.084,97.480,13.08,110.220,14.79,6.73E+06,1.71E+05,,693V,122.307,8.027,39.355,32.929,123.637,16.59,103.450,13.88,6.19E+06,1.71E+05,,0.9200,0.9200,0.0344,0.1185,0.12,3.74,12.88,13.41,,2.78,0.10,0.36,0.37,,,,,3.65,
694,694A,128.275,8.263,28.249,29.535,88.747,14.45,92.787,15.11,5.41E+06,1.71E+05,,694A,128.29,8.259,34.615,30.194,108.746,17.71,94.857,15.45,5.23E+06,1.71E+05,,0.9663,0.9663,0.0439,0.1511,0.16,4.54,15.64,16.28,,1.05,0.05,0.16,0.17,,,,,3.65,
695,695I,120.574,8.074,29.325,34.745,92.127,12.92,109.155,15.31,7.09E+06,1.71E+05,,695I,120.574,8.069,34.557,29.71,108.564,15.23,93.337,13.09,5.50E+06,1.71E+05,,0.7767,0.7767,0.0305,0.1046,0.11,3.92,13.47,14.03,,8.40,0.33,1.13,1.18,8.40,1.20,,,,
696,696,122.18,8.35,35.976,40.157,113.022,21.25,126.157,23.72,4.72E+06,1.71E+05,,696,122.159,8.342,51.252,48.713,161.013,30.27,153.036,28.77,4.49E+06,1.71E+05,,0.9508,0.9508,0.0498,0.1716,0.18,5.24,18.05,18.80,,1.83,0.10,0.33,0.34,,,,,3.65,
697,697G,109.346,8.097,29.889,44.905,93.899,17.03,141.073,25.59,5.04E+06,1.71E+05,,697G,109.336,8.09,43.076,60.648,135.327,24.54,190.531,34.56,4.53E+06,1.71E+05,,0.8989,0.8989,0.0455,0.1566,0.16,5.06,17.42,18.14,,3.77,0.19,0.66,0.68,,,3.77,0.72,,
700,700G,108.719,8.044,27.971,35.583,87.873,14.75,111.787,18.77,5.79E+06,1.71E+05,,700G,108.743,8.039,33.232,31.496,104.401,17.53,98.948,16.61,4.67E+06,1.71E+05,,0.8058,0.8058,0.0378,0.1299,0.14,4.69,16.12,16.79,,7.08,0.33,1.14,1.19,,,7.08,1.25,,
702,702V,123.263,8.11,26.966,29.773,84.716,9.94,93.535,10.97,7.61E+06,1.71E+05,,702V,123.244,8.106,29.739,29.364,93.428,10.96,92.250,10.82,7.16E+06,1.71E+05,,0.9401,0.9401,0.0308,0.1059,0.11,3.27,11.27,11.73,,1.86,0.06,0.21,0.22,,,,,3.65,
703,703V,125.558,8.208,29.682,33.238,93.249,12.84,104.420,14.38,6.83E+06,1.71E+05,,703V,125.574,8.205,27.821,30.387,87.402,12.04,95.464,13.15,5.83E+06,1.71E+05,,0.8527,0.8527,0.0328,0.1128,0.12,3.85,13.23,13.77,,5.20,0.20,0.69,0.72,,,5.20,0.75,,
704,704D,125.007,8.301,33.41,34.664,104.961,14.84,108.900,15.40,5.95E+06,1.71E+05,,704D,125,8.303,32.134,43.555,100.952,14.27,136.832,19.34,6.33E+06,1.71E+05,,1.0638,1.0638,0.0419,0.1445,0.15,3.93,13.58,14.14,,0.00,0.00,0.00,0.00,,,,,,3.65
705,705A,125.336,8.156,31.585,33.16,99.227,13.08,104.175,13.74,7.46E+06,1.71E+05,,705A,125.342,8.152,31.428,31.154,98.734,13.02,97.873,12.90,5.90E+06,1.71E+05,,0.7902,0.7902,0.0291,0.1000,0.10,3.69,12.66,13.19,,7.90,0.29,1.00,1.04,7.90,1.06,,,,
706,706K,120.734,8.22,28.869,34.626,90.695,14.13,108.781,16.94,5.79E+06,1.71E+05,,706K,120.753,8.208,65.979,39.479,207.279,32.29,124.027,19.32,5.34E+06,1.71E+05,,0.9227,0.9227,0.0401,0.1380,0.14,4.34,14.96,15.58,,2.61,0.11,0.39,0.41,,,,,3.65,
707,707V,122.186,8.109,34.222,35.97,107.512,13.68,113.003,14.38,7.17E+06,1.71E+05,,707V,122.189,8.107,35.99,39.297,113.066,14.38,123.455,15.71,6.47E+06,1.71E+05,,0.9026,0.9026,0.0320,0.1103,0.11,3.55,12.22,12.72,,3.57,0.13,0.44,0.45,,,,,3.65,
708,708T,118.006,8.111,32.219,40.711,101.219,16.40,127.897,20.73,5.76E+06,1.71E+05,,708T,118.027,8.11,39.369,36.673,123.681,20.04,115.212,18.67,4.99E+06,1.71E+05,,0.8661,0.8661,0.0392,0.1348,0.14,4.53,15.56,16.21,,5.10,0.23,0.79,0.83,,,5.10,0.87,,
711,711,119.577,8.401,32.348,35.847,101.624,50.29,112.617,55.73,2.00E+06,1.71E+05,,711,119.503,8.4,36.568,48.463,114.882,56.85,152.251,75.34,1.56E+06,1.71E+05,,0.7810,0.7810,0.1081,0.3711,0.39,13.84,47.51,49.49,,8.56,1.18,4.07,4.24,8.56,4.32,,,,
713,713G,109.325,8.292,25.334,28.958,79.589,20.76,90.974,23.73,4.45E+06,1.71E+05,,713G,109.21,8.281,53.012,41.437,166.542,43.44,130.178,33.95,2.74E+06,1.71E+05,,0.6152,0.6152,0.0450,0.1540,0.16,7.32,25.03,26.08,,14.92,1.09,3.73,3.89,14.92,3.97,,,,
714,714T,113.503,7.978,28.163,37.473,88.477,14.69,117.725,19.54,6.21E+06,1.71E+05,,714T,113.511,7.975,42.712,48.705,134.184,22.27,153.011,25.40,4.55E+06,1.71E+05,,0.7335,0.7335,0.0341,0.1169,0.12,4.65,15.94,16.60,,10.44,0.48,1.66,1.73,10.44,1.77,,,,
715,715A,126.336,8.228,39.583,39.718,124.354,22.91,124.778,22.98,5.55E+06,1.71E+05,,715A,126.372,8.226,36.66,35.873,115.171,21.21,112.698,20.76,4.12E+06,1.71E+05,,0.7423,0.7423,0.0383,0.1313,0.14,5.16,17.68,18.42,,11.36,0.59,2.01,2.09,11.36,2.13,,,,
716,716G,108.295,8.204,31.143,44.905,97.839,25.12,141.073,36.22,4.57E+06,1.71E+05,,716G,108.325,8.203,46.119,43.826,144.887,37.20,137.683,35.35,2.77E+06,1.71E+05,,0.6061,0.6061,0.0437,0.1493,0.16,7.20,24.64,25.67,,18.62,1.34,4.59,4.78,18.62,4.88,,,,
717,717V,120.19,7.86,30.829,42.412,96.852,16.89,133.241,23.24,5.70E+06,1.71E+05,,717V,120.223,7.847,51.287,44.563,161.123,28.10,139.999,24.42,4.43E+06,1.71E+05,,0.7767,0.7767,0.0379,0.1301,0.14,4.88,16.75,17.44,,9.02,0.44,1.51,1.57,9.02,1.61,,,,
718,718V,126.042,8.246,27.893,30.607,87.628,27.28,96.155,29.94,2.94E+06,1.71E+05,,718V,125.966,8.235,43.96,40.279,138.104,43.00,126.540,39.40,2.64E+06,1.71E+05,,0.8997,0.8997,0.0782,0.2690,0.28,8.69,29.90,31.13,,3.27,0.28,0.98,1.02,,,3.27,1.07,,
719,719A,129.153,8.365,32.818,51.489,103.101,40.40,161.757,63.38,3.25E+06,1.71E+05,,719A,129.189,8.361,44.459,37.659,139.672,54.73,118.309,46.36,1.76E+06,1.71E+05,,0.5417,0.5417,0.0596,0.2037,0.21,11.01,37.61,39.18,,24.19,2.66,9.10,9.48,24.19,9.67,,,,
724,724E,125.459,8.466,44.223,56.603,138.931,207.28,177.824,265.30,2.24E+06,1.71E+05,,724E,125.593,8.466,116.432,45.661,365.782,545.72,143.448,214.02,4.11E+05,1.71E+05,,0.1839,0.1839,0.0776,0.2631,0.27,42.19,143.11,149.19,,79.87,33.70,114.30,119.16,,,79.87,125.12,,