Residue,Assignment,N_ppm_dia,H_ppm_dia,NW_Hz_dia,HW_Hz_dia,R2_MQ_diamagnetic,R2_MQ_diamagnetic_error,R2_H_diamagnetic,R2_H_diamagnetic_error,Diamagnetic_height,Diamagnetic_height_error,Diamagnetic_RMS_noise,N_ppm_para,H_ppm_para,NW_Hz_para,HW_Hz_para,R2_MQ_paramagnetic,R2_MQ_paramagnetic_error,R2_H_paramagnetic,R2_H_paramagnetic_error,Paramagnetic_height,Paramagnetic_height_error,Paramagnetic_RMS_noise,Adjusted_ratio_paramagnetic:diamagnetic,Fitting_error,Noise_error,Combined_error,Fitting_error (%),Noise_error (%),Combined_error (%),,R2_SP,R2_SP_fitting_error,R2_SP_noise_error,R2_SP_combined_error,98% confidence R2_SP rates (s^-1) ,Combined error + 2%,95% confidence R2_SP rates (s^-1) ,Combined error + 5%,PRE >0.9 and <0.1 ,PRE >1 and <0 
650,650S,116.155,8.266,40.46,51.679,127.109,63.27,162.354,80.81,4.04E+06,1.92E+05,,116.119,8.264,48.179,55.825,151.359,75.34,175.379,87.29,2.98E+06,1.92E+05,,0.7370,0.0591,0.3620,0.37,8.02,49.12,49.77,,12.56,1.01,6.17,6.25,12.56,6.37,,,,
652,652E,119.611,8.202,32.576,34.314,102.341,18.52,107.801,19.50,1.09E+07,1.92E+05,,119.619,8.205,37.779,44.254,118.686,21.47,139.028,25.15,8.29E+06,1.92E+05,,0.7597,0.0221,0.1356,0.14,2.91,17.86,18.09,,9.44,0.27,1.69,1.71,9.44,1.74,,,,
653,653,120.303,8.015,41.957,51.348,131.812,41.52,161.314,50.81,6.19E+06,1.92E+05,,120.286,8.017,41.885,57.38,131.586,41.44,180.265,56.78,4.80E+06,1.92E+05,,0.7758,0.0393,0.2412,0.24,5.07,31.09,31.50,,10.50,0.53,3.26,3.31,10.50,3.37,,,,
654,654S,117.098,8.009,54.737,112.882,171.961,136.37,354.629,281.23,2.44E+06,1.92E+05,,117.154,8.001,54.025,91.597,169.725,134.59,287.760,228.20,1.92E+06,1.92E+05,,0.7862,0.1002,0.6153,0.62,12.75,78.27,79.30,,12.49,1.59,9.78,9.91,12.49,10.11,,,,
655,655Y,122.535,8.126,33.609,34.664,105.586,21.35,108.900,22.02,9.93E+06,1.92E+05,,122.539,8.127,33.944,41.604,106.638,21.56,130.703,26.43,7.34E+06,1.92E+05,,0.7392,0.0241,0.1475,0.15,3.26,19.96,20.22,,10.54,0.34,2.10,2.13,10.54,2.17,,,,
656,656A,125.735,8.113,29.112,31.459,91.458,14.88,98.831,16.08,1.20E+07,1.92E+05,,125.732,8.114,30.445,37.935,95.646,15.56,119.176,19.39,9.27E+06,1.92E+05,,0.7693,0.0201,0.1235,0.13,2.62,16.06,16.27,,8.45,0.22,1.36,1.37,8.45,1.40,,,,
658,658G,110.312,8.298,32.726,41.731,102.812,20.32,131.102,25.91,9.41E+06,1.92E+05,,110.314,8.297,33.816,45.747,106.236,21.00,143.718,28.41,7.94E+06,1.92E+05,,0.8439,0.0267,0.1646,0.17,3.17,19.51,19.76,,6.11,0.19,1.19,1.21,,,6.11,1.27,,
659,659E,120.702,8.12,32.576,35.531,102.341,11.42,111.624,12.45,1.67E+07,1.92E+05,,120.706,8.122,33.937,43.223,106.616,11.90,135.789,15.15,1.40E+07,1.92E+05,,0.8365,0.0150,0.0921,0.09,1.79,11.01,11.16,,6.14,0.11,0.68,0.68,,,6.14,0.72,,
660,660G,109.512,8.308,30.423,36.502,95.577,16.20,114.674,19.44,1.07E+07,1.92E+05,,109.513,8.308,31.207,38.3,98.040,16.62,120.323,20.40,9.45E+06,1.92E+05,,0.8827,0.0240,0.1477,0.15,2.71,16.74,16.95,,4.20,0.11,0.70,0.71,,,4.20,0.75,,
661,661L,121.321,7.821,26.111,30.488,82.030,8.96,95.781,10.47,1.76E+07,1.92E+05,,121.315,7.821,29.275,36.777,91.970,10.05,115.538,12.62,1.40E+07,1.92E+05,,0.7934,0.0139,0.0856,0.09,1.76,10.78,10.93,,7.09,0.12,0.76,0.77,7.09,0.79,,,,
662,662V,122.134,7.985,27.208,30.127,85.476,8.57,94.647,9.49,1.91E+07,1.92E+05,,122.129,7.987,28.898,35.836,90.786,9.10,112.582,11.29,1.53E+07,1.92E+05,,0.8035,0.0129,0.0795,0.08,1.61,9.90,10.03,,6.77,0.11,0.67,0.68,,,6.77,0.71,,
663,663K,126.83,8.313,28.684,33.104,90.113,12.24,103.999,14.12,1.33E+07,1.92E+05,,126.831,8.314,30.651,39.036,96.293,13.08,122.635,16.66,1.18E+07,1.92E+05,,0.8879,0.0193,0.1190,0.12,2.17,13.41,13.58,,3.81,0.08,0.51,0.52,,,3.81,0.54,,
664,664V,123.219,8.166,28.976,29.732,91.031,9.95,93.406,10.21,1.82E+07,1.92E+05,,123.235,8.166,31.656,34.213,99.450,10.87,107.483,11.75,1.36E+07,1.92E+05,,0.7494,0.0132,0.0809,0.08,1.76,10.79,10.93,,9.14,0.16,0.99,1.00,9.14,1.02,,,,
667,667,118.807,8.197,33.795,41.664,106.170,21.76,130.891,26.83,8.70E+06,1.92E+05,,118.809,8.198,39.44,47.302,123.904,25.40,148.604,30.46,7.95E+06,1.92E+05,,0.9139,0.0299,0.1849,0.19,3.28,20.23,20.50,,3.25,0.11,0.66,0.67,,,,,3.65,
668,668A,125.443,8.062,30.509,35.322,95.847,9.62,110.967,11.14,1.95E+07,1.92E+05,,125.44,8.065,31.05,37.105,97.546,9.80,116.569,11.71,1.50E+07,1.92E+05,,0.7697,0.0124,0.0763,0.08,1.62,9.91,10.04,,8.87,0.14,0.88,0.89,8.87,0.91,,,,
670,670A,124.671,8.321,27.109,30.302,85.165,10.09,95.197,11.27,1.53E+07,1.92E+05,,124.673,8.322,27.151,34.481,85.297,10.10,108.325,12.83,1.35E+07,1.92E+05,,0.8850,0.0168,0.1034,0.10,1.90,11.69,11.84,,3.74,0.07,0.44,0.44,,,3.74,0.47,,
671,671,120.371,8.291,27.807,31.128,87.358,9.92,97.791,11.11,1.56E+07,1.92E+05,,120.373,8.293,31.585,39.58,99.227,11.27,124.344,14.12,1.44E+07,1.92E+05,,0.9218,0.0167,0.1033,0.10,1.81,11.21,11.36,,2.52,0.05,0.28,0.29,,,,,3.65,
672,672A,125.29,8.241,36.168,32.739,113.625,16.39,102.853,14.84,1.23E+07,1.92E+05,,125.289,8.243,35.313,36.625,110.939,16.00,115.061,16.60,1.13E+07,1.92E+05,,0.9181,0.0212,0.1307,0.13,2.31,14.24,14.42,,2.93,0.07,0.42,0.42,,,,,3.65,
673,673T,114.656,8.047,32.177,34.496,101.087,13.22,108.372,14.17,1.35E+07,1.92E+05,,114.657,8.047,31.941,38.519,100.346,13.12,121.011,15.82,1.26E+07,1.92E+05,,0.9384,0.0196,0.1211,0.12,2.09,12.91,13.07,,2.13,0.04,0.28,0.28,,,,,3.65,
674,674I,124.188,8.065,30.174,34.768,94.794,10.44,109.227,12.03,1.68E+07,1.92E+05,,124.181,8.065,29.682,36.807,93.249,10.27,115.633,12.74,1.43E+07,1.92E+05,,0.8531,0.0151,0.0928,0.09,1.77,10.87,11.02,,5.28,0.09,0.57,0.58,,,5.28,0.61,,
675,675A,128.913,8.257,29.233,32.751,91.838,12.20,102.890,13.67,1.34E+07,1.92E+05,,128.912,8.258,30.837,36.249,96.877,12.87,113.880,15.13,1.22E+07,1.92E+05,,0.9104,0.0193,0.1194,0.12,2.12,13.12,13.29,,3.01,0.06,0.40,0.40,,,,,3.65,
677,677V,119.427,8.017,28.327,31.682,88.992,8.90,99.532,9.95,1.83E+07,1.92E+05,,119.428,8.019,30.445,36.606,95.646,9.56,115.001,11.50,1.59E+07,1.92E+05,,0.8685,0.0139,0.0857,0.09,1.60,9.87,10.00,,4.45,0.07,0.44,0.45,,,4.45,0.47,,
678,678D,124.281,8.319,30.616,32.907,96.183,12.80,103.380,13.76,1.37E+07,1.92E+05,,124.277,8.32,33.41,36.308,104.961,13.97,114.065,15.18,1.20E+07,1.92E+05,,0.8735,0.0186,0.1147,0.12,2.13,13.13,13.31,,4.43,0.09,0.58,0.59,,,4.43,0.62,,
679,679T,115.274,8.06,34.75,36.13,109.170,21.34,113.506,22.18,9.03E+06,1.92E+05,,115.274,8.059,34.066,38.612,107.021,20.92,121.303,23.71,8.41E+06,1.92E+05,,0.9316,0.0291,0.1797,0.18,3.12,19.29,19.54,,2.47,0.08,0.48,0.48,,,,,3.65,
681,681G,109.613,8.218,33.731,38.984,105.969,22.13,122.472,25.58,8.51E+06,1.92E+05,,109.609,8.219,38.67,43.145,121.485,25.37,135.544,28.31,7.82E+06,1.92E+05,,0.9179,0.0306,0.1893,0.19,3.34,20.62,20.89,,3.03,0.10,0.63,0.63,,,,,3.65,
682,682V,119.68,7.831,26.417,30.298,82.991,6.91,95.184,7.93,2.20E+07,1.92E+05,,119.677,7.832,27.337,34.671,85.882,7.16,108.922,9.08,1.90E+07,1.92E+05,,0.8647,0.0115,0.0711,0.07,1.33,8.22,8.33,,4.42,0.06,0.36,0.37,,,4.42,0.39,,
684,684R,121.263,8.319,29.511,37.291,92.712,15.48,117.153,19.56,1.05E+07,1.92E+05,,121.261,8.32,36.446,43.603,114.498,19.11,136.983,22.87,9.89E+06,1.92E+05,,0.9388,0.0250,0.1547,0.16,2.67,16.48,16.69,,2.11,0.06,0.35,0.35,,,,,3.65,
685,685T,114.983,8.345,43.439,44.537,136.468,82.97,139.917,85.07,3.20E+06,1.92E+05,,115.001,8.345,61.338,45.966,192.699,117.16,144.406,87.80,2.49E+06,1.92E+05,,0.7791,0.0762,0.4675,0.47,9.78,60.01,60.80,,10.05,0.98,6.03,6.11,10.05,6.23,,,,
686,686D,122.172,8.22,28.876,30.696,90.717,14.12,96.434,15.00,1.14E+07,1.92E+05,,122.168,8.223,34.885,39.997,109.594,17.05,125.654,19.55,1.05E+07,1.92E+05,,0.9234,0.0230,0.1418,0.14,2.49,15.36,15.56,,2.49,0.06,0.38,0.39,,,,,3.65,
687,687G,109.29,8.247,33.966,43.562,106.707,21.37,136.854,27.41,9.25E+06,1.92E+05,,109.286,8.248,36.675,41.712,115.218,23.08,131.042,26.25,7.85E+06,1.92E+05,,0.8483,0.0272,0.1677,0.17,3.21,19.77,20.03,,6.06,0.19,1.20,1.21,,,6.06,1.28,,
688,688G,108.493,8.077,30.701,37.968,96.450,12.14,119.280,15.01,1.42E+07,1.92E+05,,108.493,8.078,33.403,42.542,104.939,13.20,133.650,16.82,1.29E+07,1.92E+05,,0.9132,0.0184,0.1134,0.11,2.01,12.42,12.58,,3.09,0.06,0.38,0.39,,,,,3.65,
689,689D,121.589,8.208,32.74,30.804,102.856,11.90,96.774,11.20,1.49E+07,1.92E+05,,121.598,8.207,31.792,37.008,99.878,11.56,116.264,13.46,1.46E+07,1.92E+05,,0.9758,0.0180,0.1115,0.11,1.85,11.43,11.57,,0.79,0.01,0.09,0.09,,,,,3.65,
691,691F,119.301,8.139,28.577,30.663,89.777,9.30,96.331,9.98,1.80E+07,1.92E+05,,119.299,8.14,29.817,33.268,93.673,9.70,104.515,10.83,1.51E+07,1.92E+05,,0.8427,0.0140,0.0862,0.09,1.66,10.22,10.36,,5.38,0.09,0.55,0.56,,,5.38,0.59,,
692,692E,122.377,7.824,28.777,30.934,90.406,9.79,97.182,10.53,1.68E+07,1.92E+05,,122.381,7.824,28.228,34.325,88.681,9.61,107.835,11.68,1.47E+07,1.92E+05,,0.8762,0.0152,0.0937,0.09,1.73,10.69,10.83,,4.16,0.07,0.44,0.45,,,4.16,0.47,,
693,693V,122.322,8.029,30.794,33.815,96.742,10.68,106.233,11.73,1.67E+07,1.92E+05,,122.327,8.03,30.865,39.208,96.965,10.71,123.176,13.60,1.43E+07,1.92E+05,,0.8562,0.0152,0.0933,0.09,1.77,10.90,11.04,,5.15,0.09,0.56,0.57,,,5.15,0.60,,
694,694A,128.276,8.261,27.558,34.63,86.576,12.39,108.793,15.57,1.32E+07,1.92E+05,,128.269,8.262,26.731,39.167,83.978,12.02,123.047,17.61,1.08E+07,1.92E+05,,0.8246,0.0189,0.1165,0.12,2.30,14.13,14.31,,6.23,0.14,0.88,0.89,,,6.23,0.94,,
695,695I,120.577,8.071,31.008,32.747,97.415,11.14,102.878,11.77,1.57E+07,1.92E+05,,120.57,8.072,30.181,36.506,94.816,10.85,114.687,13.12,1.41E+07,1.92E+05,,0.9013,0.0165,0.1018,0.10,1.83,11.29,11.44,,3.40,0.06,0.38,0.39,,,,,3.65,
696,696,122.168,8.347,38.179,41.024,119.943,22.99,128.881,24.70,9.37E+06,1.92E+05,,122.164,8.347,42.256,50.655,132.751,25.44,159.137,30.50,8.44E+06,1.92E+05,,0.9011,0.0276,0.1705,0.17,3.07,18.92,19.17,,3.64,0.11,0.69,0.70,,,,,3.65,
697,697G,109.355,8.093,31.122,43.48,97.773,15.34,136.596,21.44,1.13E+07,1.92E+05,,109.35,8.095,31.357,45.337,98.511,15.46,142.430,22.35,1.04E+07,1.92E+05,,0.9231,0.0231,0.1430,0.14,2.51,15.49,15.69,,2.84,0.07,0.44,0.45,,,,,3.65,
700,700G,108.721,8.042,30.744,32.628,96.585,14.21,102.504,15.08,1.23E+07,1.92E+05,,108.721,8.044,29.696,35.501,93.293,13.73,111.530,16.41,1.09E+07,1.92E+05,,0.8889,0.0209,0.1291,0.13,2.36,14.53,14.72,,3.85,0.09,0.56,0.57,,,3.85,0.59,,
701,701L,121.569,7.845,31.314,39.747,98.376,10.30,124.869,13.08,1.72E+07,1.92E+05,,121.57,7.845,32.219,42.699,101.219,10.60,134.143,14.05,1.54E+07,1.92E+05,,0.8984,0.0151,0.0929,0.09,1.68,10.34,10.47,,3.73,0.06,0.39,0.39,,,3.73,0.41,,
702,702V,123.255,8.108,28.384,32.464,89.171,9.02,101.989,10.31,1.83E+07,1.92E+05,,123.258,8.109,28.506,35.843,89.554,9.05,112.604,11.38,1.56E+07,1.92E+05,,0.8484,0.0138,0.0847,0.09,1.62,9.98,10.11,,5.25,0.09,0.52,0.53,,,5.25,0.56,,
703,703V,125.575,8.206,28.584,30.361,89.799,10.18,95.382,10.81,1.62E+07,1.92E+05,,125.576,8.208,29.475,34.716,92.598,10.50,109.064,12.36,1.40E+07,1.92E+05,,0.8623,0.0157,0.0965,0.10,1.82,11.19,11.34,,4.63,0.08,0.52,0.53,,,4.63,0.55,,
704,704D,125.004,8.298,31.599,32.531,99.271,12.45,102.199,12.82,1.47E+07,1.92E+05,,125.005,8.3,32.469,38.251,102.004,12.79,120.169,15.07,1.26E+07,1.92E+05,,0.8597,0.0173,0.1064,0.11,2.01,12.38,12.54,,5.00,0.10,0.62,0.63,,,5.00,0.66,,
705,705A,125.34,8.153,34.094,35.959,107.109,12.47,112.969,13.16,1.58E+07,1.92E+05,,125.341,8.154,32.07,39.989,100.751,11.73,125.629,14.63,1.36E+07,1.92E+05,,0.8641,0.0161,0.0993,0.10,1.87,11.50,11.65,,5.10,0.10,0.59,0.59,,,5.10,0.62,,
706,706K,120.733,8.216,31.328,33.848,98.420,10.77,106.337,11.64,1.61E+07,1.92E+05,,120.74,8.218,32.098,41.403,100.839,11.04,130.071,14.23,1.50E+07,1.92E+05,,0.9322,0.0163,0.1007,0.10,1.75,10.80,10.94,,2.32,0.04,0.25,0.25,,,,,3.65,
707,707V,122.187,8.107,30.402,32.907,95.511,10.72,103.380,11.60,1.60E+07,1.92E+05,,122.194,8.109,32.07,38.579,100.751,11.30,121.200,13.60,1.44E+07,1.92E+05,,0.9005,0.0162,0.0997,0.10,1.79,11.07,11.22,,3.42,0.06,0.38,0.38,,,,,3.65,
708,708T,118.016,8.109,32.241,34.459,101.288,14.49,108.256,15.49,1.29E+07,1.92E+05,,118.025,8.111,34.907,41.865,109.664,15.69,131.523,18.82,1.10E+07,1.92E+05,,0.8540,0.0196,0.1206,0.12,2.29,14.12,14.31,,5.35,0.12,0.76,0.77,,,5.35,0.80,,
711,711,119.557,8.403,35.142,40.905,110.402,53.92,128.507,62.77,3.77E+06,1.92E+05,,119.537,8.406,52.649,68.951,165.402,80.79,216.616,105.80,3.24E+06,1.92E+05,,0.8594,0.0673,0.4143,0.42,7.83,48.21,48.84,,5.54,0.43,2.67,2.71,,,5.54,2.84,,
713,713G,109.311,8.29,30.466,34.682,95.712,16.83,108.957,19.16,1.04E+07,1.92E+05,,109.311,8.29,32.547,40.946,102.249,17.98,128.636,22.62,9.05E+06,1.92E+05,,0.8712,0.0245,0.1512,0.15,2.82,17.36,17.58,,4.59,0.13,0.80,0.81,,,4.59,0.85,,
714,714T,113.507,7.975,32.889,35.11,103.324,14.46,110.301,15.44,1.35E+07,1.92E+05,,113.503,7.978,33.096,41.731,103.974,14.55,131.102,18.35,1.11E+07,1.92E+05,,0.8175,0.0184,0.1129,0.11,2.25,13.81,14.00,,6.94,0.16,0.96,0.97,,,6.94,1.02,,
715,715A,126.357,8.224,35.784,34.891,112.419,20.34,109.613,19.83,1.06E+07,1.92E+05,,126.36,8.23,36.418,47.485,114.411,20.70,149.179,26.99,8.48E+06,1.92E+05,,0.8021,0.0233,0.1432,0.15,2.91,17.86,18.09,,7.80,0.23,1.39,1.41,,,7.80,1.48,,
716,716G,108.293,8.201,30.958,39.29,97.257,22.28,123.433,28.28,9.13E+06,1.92E+05,,108.31,8.203,35.235,47.243,110.694,25.36,148.418,34.01,6.32E+06,1.92E+05,,0.6920,0.0256,0.1565,0.16,3.70,22.61,22.91,,13.05,0.48,2.95,2.99,13.05,3.05,,,,
717,717V,120.192,7.853,31.264,37.544,98.219,16.63,117.948,19.98,1.36E+07,1.92E+05,,120.2,7.856,37.573,45.672,118.039,19.99,143.483,24.30,8.15E+06,1.92E+05,,0.5985,0.0164,0.1000,0.10,2.75,16.71,16.94,,18.27,0.50,3.05,3.10,18.27,3.16,,,,
718,718V,126.046,8.245,35.299,36.926,110.895,38.75,116.006,40.54,7.43E+06,1.92E+05,,126.07,8.246,33.859,48.731,106.371,37.17,153.093,53.50,3.79E+06,1.92E+05,,0.5098,0.0290,0.1758,0.18,5.70,34.48,34.95,,25.14,1.43,8.67,8.79,25.14,8.96,,,,
719,719A,129.13,8.358,34.215,34.853,107.490,42.53,109.494,43.32,6.63E+06,1.92E+05,,129.138,8.362,37.466,51.217,117.703,46.57,160.903,63.66,3.34E+06,1.92E+05,,0.5034,0.0325,0.1965,0.20,6.45,39.04,39.56,,25.00,1.61,9.76,9.89,25.00,10.09,,,,
724,724E,125.504,8.462,45.257,78.46,142.179,239.41,246.489,415.06,2.55E+06,1.92E+05,,125.574,8.462,51.886,93.548,163.005,274.48,293.890,494.88,7.50E+05,1.92E+05,,0.2941,0.0812,0.4885,0.50,27.60,166.11,168.39,,60.09,16.59,99.82,101.19,60.09,103.21,,,,