Residue,Assignment,N_ppm_dia,H_ppm_dia,NW_Hz_dia,HW_Hz_dia,R2_MQ_diamagnetic,R2_MQ_diamagnetic_error,R2_H_diamagnetic,R2_MQ_diamagnetic_error,Diamagnetic_height,Diamagnetic_height_error,Diamagnetic_RMS_noise,Assignment,N_ppm_para,H_ppm_para,NW_Hz_para,HW_Hz_para,R2_MQ_paramagnetic,R2_MQ_paramagnetic_error,R2_H_paramagnetic,R2_H_paramagnetic_error,Paramagnetic_height,Paramagnetic_height_error,Paramagnetic_RMS_noise,Adjusted_ratio_paramagnetic:diamagnetic,Fitting_error,Noise_error,Combined_error,Fitting_error (%),Noise_error (%),Combined_error (%),,R2_SP,R2_SP_fitting_error,R2_SP_noise_error,R2_SP_combined_error,98% confidence R2_SP rates (s^-1) ,Combined error + 2%,95% confidence R2_SP rates (s^-1) ,Combined error + 5%,PRE >0.9 and <0.1 ,PRE >1 and <0 
650,650S,116.135,8.267,56.591,42.211,177.786,70.58,132.610,52.65,1.70E+06,1.71E+05,,650S,116.11,8.271,47.26,43.398,148.472,58.94,136.339,54.13,1.42E+06,1.71E+05,,0.6283,0.0983,0.2293,0.25,15.64,36.49,39.70,,20.01,3.13,7.30,7.94,20.01,8.10,,,,
652,652E,119.636,8.2,31.806,31.988,99.921,13.00,100.493,13.08,5.08E+06,1.51E+05,,652E,119.627,8.197,40.795,45.739,128.161,16.68,143.693,18.70,4.40E+06,1.51E+05,,0.6495,0.0295,0.0792,0.08,4.55,12.19,13.01,,14.63,0.67,1.78,1.90,14.63,1.94,,,,
653,653H,120.206,8.032,39.027,45.84,122.607,31.41,144.011,36.89,2.63E+06,1.71E+05,,653H,120.19,8.039,42.206,46.681,132.594,33.97,146.653,37.57,2.22E+06,1.71E+05,,0.6329,0.0636,0.1491,0.16,10.05,23.56,25.62,,18.29,1.84,4.31,4.69,18.29,4.78,,,,
654,654S,117.093,8.022,36.717,57.328,115.350,45.56,180.101,71.14,1.71E+06,1.51E+05,,654S,117.051,8.008,43.247,113.172,135.864,53.67,355.540,140.44,1.19E+06,1.51E+05,,0.5252,0.0812,0.1909,0.21,15.47,36.34,39.50,,27.02,4.18,9.82,10.67,27.02,10.89,,,,
655,655Y,122.521,8.13,29.404,31.943,92.375,12.96,100.352,14.08,4.88E+06,1.51E+05,,655Y,122.536,8.131,41.45,40.745,130.219,18.28,128.004,17.96,2.97E+06,1.51E+05,,0.4558,0.0272,0.0579,0.06,5.97,12.70,14.03,,26.91,1.61,3.42,3.78,26.91,3.85,,,,
656,656A,125.724,8.113,29.055,32.587,91.279,10.21,102.375,11.45,6.02E+06,1.51E+05,,656A,125.727,8.114,33.481,34.172,105.184,11.76,107.355,12.01,4.23E+06,1.51E+05,,0.5268,0.0230,0.0542,0.06,4.37,10.29,11.18,,21.68,0.95,2.23,2.42,21.68,2.47,,,,
658,658G,110.309,8.295,30.594,32.215,96.114,13.60,101.206,14.32,4.65E+06,1.51E+05,,658G,110.284,8.295,34.479,36.71,108.319,15.33,115.328,16.32,4.37E+06,1.51E+05,,0.7049,0.0335,0.0939,0.10,4.75,13.33,14.15,,11.64,0.55,1.55,1.65,11.64,1.68,,,,
659,659E,120.694,8.118,29.29,35.188,92.017,7.66,110.546,9.20,7.90E+06,1.51E+05,,659E,120.704,8.119,31.086,38.772,97.660,8.13,121.806,10.14,7.47E+06,1.51E+05,,0.7091,0.0198,0.0556,0.06,2.79,7.84,8.32,,11.57,0.32,0.91,0.96,11.57,0.98,,,,
660,660G,109.493,8.306,33.652,43.956,105.721,11.93,138.092,15.58,6.15E+06,1.51E+05,,660G,109.481,8.305,35.042,47.455,110.088,12.42,149.084,16.82,3.41E+06,1.51E+05,,0.4158,0.0211,0.0419,0.05,5.07,10.08,11.28,,34.38,1.74,3.46,3.88,34.38,3.96,,,,
662,662V,122.104,7.983,27.258,31.913,85.634,7.26,100.258,8.50,8.03E+06,1.51E+05,,662V,122.108,7.983,34.18,33.126,107.380,9.11,104.068,8.82,5.10E+06,1.51E+05,,0.4757,0.0167,0.0367,0.04,3.52,7.72,8.48,,24.73,0.87,1.91,2.10,24.73,2.14,,,,
663,663K,126.815,8.311,27.087,32.981,85.096,10.27,103.613,12.50,5.64E+06,1.51E+05,,663K,126.799,8.311,37.516,57.764,117.860,14.22,181.471,21.89,3.59E+06,1.51E+05,,0.4769,0.0238,0.0524,0.06,5.00,10.98,12.06,,24.82,1.24,2.73,2.99,24.82,3.05,,,,
664,664V,123.209,8.162,27.65,32.859,86.865,7.47,103.230,8.88,7.70E+06,1.51E+05,,664V,123.226,8.162,32.783,34.116,102.991,8.86,107.179,9.22,6.52E+06,1.51E+05,,0.6343,0.0193,0.0510,0.05,3.04,8.05,8.60,,14.90,0.45,1.20,1.28,14.90,1.31,,,,
670,670A,124.651,8.319,27.237,32.174,85.568,7.44,101.078,8.79,7.44E+06,1.51E+05,,670A,124.671,8.32,27.408,31.348,86.105,7.49,98.483,8.57,1.03E+07,1.51E+05,,1.0399,0.0261,0.0866,0.09,2.51,8.33,8.70,,0.00,0.00,0.00,0.00,,,,,,3.65
671,671,120.349,8.291,27.23,33.435,85.546,6.99,105.039,8.59,7.94E+06,1.51E+05,,671,120.349,8.29,28.335,34.82,89.017,7.28,109.390,8.94,1.01E+07,1.51E+05,,0.9492,0.0231,0.0741,0.08,2.43,7.81,8.17,,1.63,0.04,0.13,0.13,,,,,3.65,
672,672A,125.277,8.239,33.745,32.244,106.013,10.87,101.298,10.39,6.31E+06,1.51E+05,,672A,125.273,8.24,33.132,33.934,104.087,10.67,106.607,10.93,8.66E+06,1.51E+05,,1.0284,0.0305,0.1010,0.11,2.97,9.82,10.26,,0.00,0.00,0.00,0.00,,,,,,3.65
673,673T,114.627,8.044,31.136,33.886,97.817,9.30,106.456,10.12,6.84E+06,1.51E+05,,673T,114.641,8.044,34.643,35.233,108.834,10.35,110.688,10.53,8.07E+06,1.51E+05,,0.8849,0.0257,0.0801,0.08,2.90,9.06,9.51,,4.06,0.12,0.37,0.39,,,4.06,0.41,,
674,674I,124.155,8.061,30.095,35.694,94.546,8.05,112.136,9.55,7.71E+06,1.51E+05,,674I,124.154,8.06,31.585,34.794,99.227,8.45,109.309,9.31,7.55E+06,1.51E+05,,0.7343,0.0206,0.0590,0.06,2.81,8.04,8.51,,10.50,0.29,0.84,0.89,10.50,0.91,,,,
675,675A,128.887,8.254,29.311,31.95,92.083,8.58,100.374,9.35,7.10E+06,1.51E+05,,675A,128.888,8.253,34.066,38.199,107.021,9.97,120.006,11.18,6.11E+06,1.51E+05,,0.6449,0.0211,0.0563,0.06,3.27,8.73,9.32,,14.50,0.47,1.27,1.35,14.50,1.38,,,,
677,677V,119.401,8.015,30.202,32.077,94.882,7.49,100.773,7.96,8.28E+06,1.51E+05,,677V,119.405,8.014,33.203,35.549,104.310,8.24,111.680,8.82,8.70E+06,1.51E+05,,0.7873,0.0199,0.0589,0.06,2.52,7.48,7.90,,7.83,0.20,0.59,0.62,7.83,0.63,,,,
679,679T,115.26,8.057,31.949,37.726,100.371,12.11,118.520,14.30,5.38E+06,1.51E+05,,679T,115.259,8.056,32.006,37.168,100.550,12.14,116.767,14.09,6.68E+06,1.51E+05,,0.9302,0.0336,0.1071,0.11,3.61,11.52,12.07,,2.49,0.09,0.29,0.30,,,,,3.65,
680,680K,123.2,8.226,26.994,30.384,84.804,11.80,95.454,13.28,4.73E+06,1.71E+05,,680K,123.198,8.224,23.266,31.05,73.092,10.17,97.546,13.57,5.69E+06,1.71E+05,,0.9022,0.0423,0.1182,0.13,4.69,13.10,13.91,,3.14,0.15,0.41,0.44,,,,,3.65,
681,681G,109.61,8.219,31.207,31.325,98.040,13.12,98.410,13.17,4.85E+06,1.51E+05,,681G,109.602,8.217,36.432,41.31,114.455,15.32,129.779,17.37,6.22E+06,1.51E+05,,0.9616,0.0381,0.1229,0.13,3.96,12.78,13.38,,1.26,0.05,0.16,0.17,,,,,3.65,
682,682V,119.667,7.831,24.963,32.129,78.424,4.76,100.936,6.13,1.07E+07,1.51E+05,,682V,119.667,7.829,26.196,29.982,82.297,5.00,94.191,5.72,1.18E+07,1.51E+05,,0.8202,0.0157,0.0473,0.05,1.91,5.77,6.07,,6.05,0.12,0.35,0.37,,,6.05,0.39,,
684,684R,121.256,8.316,27.836,39.587,87.449,9.63,124.366,13.69,6.00E+06,1.71E+05,,684R,121.261,8.318,32.048,36.61,100.682,11.09,115.014,12.66,6.64E+06,1.71E+05,,0.8300,0.0318,0.0857,0.09,3.83,10.32,11.01,,6.26,0.24,0.65,0.69,,,6.26,0.72,,
685,685T,114.944,8.342,45.884,45.047,144.149,41.19,141.519,40.44,2.28E+06,1.51E+05,,685T,114.969,8.336,44.665,68.162,140.319,40.10,214.137,61.19,2.56E+06,1.51E+05,,0.8400,0.0747,0.2281,0.24,8.89,27.16,28.58,,7.11,0.63,1.93,2.03,,,7.11,2.13,,
686,686D,122.164,8.22,27.508,31.005,86.419,9.06,97.405,10.21,6.19E+06,1.51E+05,,686D,122.174,8.219,30.908,34.016,97.100,10.18,106.864,11.20,8.00E+06,1.51E+05,,0.9704,0.0300,0.0972,0.10,3.09,10.02,10.48,,0.92,0.03,0.09,0.10,,,,,3.65,
687,687G,109.281,8.244,34.686,34.734,108.969,14.66,109.120,14.68,4.83E+06,1.51E+05,,687G,109.275,8.243,31.514,35.255,99.004,13.32,110.757,14.90,5.88E+06,1.51E+05,,0.9132,0.0370,0.1171,0.12,4.05,12.83,13.45,,3.14,0.13,0.40,0.42,,,,,3.65,
688,688G,108.502,8.076,28.035,37.633,88.075,7.94,118.228,10.66,7.22E+06,1.51E+05,,688G,108.495,8.076,32.476,40.897,102.026,9.20,128.482,11.59,8.36E+06,1.51E+05,,0.8680,0.0240,0.0745,0.08,2.77,8.58,9.02,,4.68,0.13,0.40,0.42,,,4.68,0.44,,
689,689D,121.588,8.206,33.838,33.253,106.305,9.92,104.467,9.75,6.98E+06,1.51E+05,,689D,121.607,8.204,31.172,33.141,97.930,9.14,104.116,9.72,8.07E+06,1.51E+05,,0.8672,0.0249,0.0770,0.08,2.87,8.88,9.33,,4.84,0.14,0.43,0.45,,,4.84,0.47,,
691,691F,119.284,8.138,28.563,30.309,89.733,8.43,95.219,8.95,7.21E+06,1.51E+05,,691F,119.316,8.138,34.101,39.089,107.131,10.07,122.802,11.54,4.77E+06,1.51E+05,,0.4958,0.0189,0.0426,0.05,3.80,8.59,9.40,,23.25,0.88,2.00,2.18,23.25,2.23,,,,
692,692E,122.358,7.825,28.777,30.581,90.406,8.98,96.073,9.54,6.67E+06,1.51E+05,,692E,122.373,7.823,39.918,34.943,125.406,12.46,109.777,10.91,5.64E+06,1.51E+05,,0.6345,0.0223,0.0590,0.06,3.51,9.29,9.94,,14.77,0.52,1.37,1.47,14.77,1.50,,,,
693,693V,122.29,8.026,28.926,36.956,90.874,8.62,116.101,11.01,7.19E+06,1.71E+05,,693V,122.305,8.024,42.748,42.058,134.297,12.74,132.129,12.53,5.37E+06,1.71E+05,,0.5600,0.0222,0.0482,0.05,3.96,8.62,9.48,,20.17,0.80,1.74,1.91,20.17,1.95,,,,
694,694A,128.239,8.256,27.322,28.43,85.835,12.32,89.315,12.82,4.59E+06,1.51E+05,,694A,128.26,8.257,32.611,37.116,102.450,14.71,116.603,16.74,4.15E+06,1.51E+05,,0.6769,0.0333,0.0913,0.10,4.92,13.49,14.36,,12.09,0.59,1.63,1.74,12.09,1.77,,,,
695,695I,120.547,8.067,32.191,33.863,101.131,10.06,106.384,10.58,6.85E+06,1.71E+05,,695I,120.545,8.065,35.669,39.68,112.057,11.14,124.658,12.39,5.21E+06,1.71E+05,,0.5701,0.0235,0.0516,0.06,4.12,9.05,9.94,,19.70,0.81,1.78,1.96,19.70,2.00,,,,
696,696,122.153,8.345,36.503,42.103,114.678,15.54,132.270,17.92,4.88E+06,1.51E+05,,696,122.141,8.346,38.207,45.832,120.031,16.27,143.985,19.51,4.26E+06,1.51E+05,,0.6551,0.0309,0.0832,0.09,4.72,12.70,13.55,,16.17,0.76,2.05,2.19,16.17,2.23,,,,
697,697G,109.357,8.09,32.305,45.449,101.489,12.83,142.782,18.05,5.18E+06,1.51E+05,,697G,109.34,8.093,33.531,50.358,105.341,13.32,158.204,20.00,5.33E+06,1.51E+05,,0.7721,0.0315,0.0924,0.10,4.07,11.97,12.64,,9.56,0.39,1.14,1.21,9.56,1.23,,,,
699,699D,119.506,8.28,27.529,34.526,86.485,8.42,108.467,10.56,6.84E+06,1.71E+05,,699D,119.488,8.281,32.426,37.436,101.869,9.92,117.609,11.45,6.67E+06,1.71E+05,,0.7315,0.0261,0.0663,0.07,3.57,9.06,9.74,,10.21,0.36,0.93,0.99,10.21,1.01,,,,
700,700G,108.72,8.041,28.249,31.243,88.747,9.97,98.153,11.03,5.95E+06,1.51E+05,,700G,108.726,8.041,32.091,36.658,100.817,11.33,115.165,12.94,4.51E+06,1.51E+05,,0.5684,0.0239,0.0592,0.06,4.21,10.42,11.24,,18.56,0.78,1.93,2.09,18.56,2.13,,,,
701,701L,121.565,7.843,30.829,42.345,96.852,8.37,133.031,11.49,7.74E+06,1.51E+05,,701L,121.53,7.841,41.843,50.25,131.454,11.35,157.865,13.64,5.85E+06,1.51E+05,,0.5672,0.0184,0.0454,0.05,3.24,8.01,8.64,,20.84,0.68,1.67,1.80,20.84,1.84,,,,
702,702V,123.24,8.105,26.111,28.88,82.030,6.40,90.729,7.08,8.65E+06,1.51E+05,,702V,123.235,8.105,33.018,38.728,103.729,8.10,121.668,9.50,5.91E+06,1.51E+05,,0.5129,0.0159,0.0368,0.04,3.10,7.17,7.81,,21.11,0.65,1.51,1.65,21.11,1.68,,,,
703,703V,125.538,8.203,30.63,33.406,96.227,8.41,104.948,9.17,7.61E+06,1.51E+05,,703V,125.535,8.203,33.374,37.209,104.848,9.16,116.896,10.21,6.16E+06,1.51E+05,,0.6072,0.0192,0.0494,0.05,3.16,8.14,8.74,,17.05,0.54,1.39,1.49,17.05,1.52,,,,
704,704D,124.985,8.295,36.432,37.663,114.455,11.35,118.322,11.73,6.59E+06,1.51E+05,,704D,124.991,8.295,33.31,36.818,104.646,10.38,115.667,11.47,6.99E+06,1.51E+05,,0.7956,0.0251,0.0748,0.08,3.15,9.40,9.92,,8.32,0.26,0.78,0.83,8.32,0.84,,,,
705,705A,125.33,8.151,31.015,35.4,97.436,7.51,111.212,8.57,8.47E+06,1.51E+05,,705A,125.329,8.15,33.303,36.245,104.624,8.07,113.867,8.78,9.27E+06,1.51E+05,,0.8213,0.0199,0.0601,0.06,2.42,7.32,7.71,,6.67,0.16,0.49,0.51,,,6.67,0.54,,
706,706K,120.723,8.216,31.172,33.435,97.930,8.14,105.039,8.73,8.03E+06,1.71E+05,,706K,120.73,8.216,29.504,34.738,92.690,7.71,109.133,9.08,7.61E+06,1.71E+05,,0.7111,0.0220,0.0549,0.06,3.09,7.72,8.32,,11.54,0.36,0.89,0.96,11.54,0.98,,,,
707,707V,122.166,8.105,28.926,36.502,90.874,7.40,114.674,9.33,8.00E+06,1.51E+05,,707V,122.159,8.105,31.136,36.565,97.817,7.96,114.872,9.35,9.24E+06,1.51E+05,,0.8662,0.0217,0.0671,0.07,2.50,7.74,8.14,,4.77,0.12,0.37,0.39,,,4.77,0.41,,
708,708T,117.986,8.106,27.707,30.458,87.044,7.83,95.687,8.61,7.24E+06,1.51E+05,,708T,117.999,8.106,34.515,36.424,108.432,9.75,114.429,10.29,8.44E+06,1.51E+05,,0.8743,0.0241,0.0749,0.08,2.75,8.56,9.00,,4.16,0.11,0.36,0.37,,,4.16,0.39,,
709,709F,123.054,8.2,27.258,46.852,85.634,7.27,147.190,12.50,7.73E+06,1.71E+05,,709F,123.057,8.2,29.967,51.5,94.144,7.99,161.792,13.74,1.00E+07,1.71E+05,,0.9742,0.0271,0.0782,0.08,2.79,8.02,8.49,,0.89,0.02,0.07,0.08,,,,,3.65,
710,710,119.414,8.313,37.43,39.438,117.590,18.15,123.898,19.12,4.26E+06,1.71E+05,,710,119.424,8.313,35.598,34.913,111.834,17.26,109.682,16.93,5.16E+06,1.71E+05,,0.9071,0.0471,0.1318,0.14,5.19,14.53,15.43,,3.58,0.19,0.52,0.55,,,,,3.65,
711,711,119.52,8.403,35.541,53.045,111.655,24.69,166.646,36.85,2.92E+06,1.51E+05,,711,119.527,8.4,35.092,43.659,110.245,24.38,137.159,30.33,4.22E+06,1.51E+05,,1.0821,0.0681,0.2294,0.24,6.30,21.20,22.11,,0.00,0.00,0.00,0.00,,,,,,3.65
713,713G,109.29,8.286,26.346,34.909,82.768,9.47,109.670,12.55,5.69E+06,1.51E+05,,713G,109.302,8.287,31.806,42.386,99.921,11.44,133.160,15.24,6.59E+06,1.51E+05,,0.8692,0.0305,0.0947,0.10,3.51,10.89,11.45,,4.44,0.16,0.48,0.51,,,4.44,0.53,,
714,714T,113.494,7.977,31.471,37.708,98.869,8.69,118.463,10.41,7.45E+06,1.51E+05,,714T,113.499,7.976,35.449,42.349,111.366,9.79,133.043,11.69,7.73E+06,1.51E+05,,0.7786,0.0220,0.0648,0.07,2.82,8.32,8.79,,8.72,0.25,0.73,0.77,8.72,0.78,,,,
715,715A,126.335,8.223,31.058,31.098,97.572,10.16,97.697,10.18,6.35E+06,1.51E+05,,715A,126.349,8.223,32.889,41.697,103.324,10.76,130.995,13.65,5.53E+06,1.51E+05,,0.6533,0.0237,0.0638,0.07,3.63,9.76,10.42,,14.19,0.52,1.39,1.48,14.19,1.51,,,,
716,716G,108.301,8.199,31.214,37.566,98.062,13.14,118.017,15.82,5.07E+06,1.51E+05,,716G,108.279,8.199,40.274,47.667,126.525,16.96,149.750,20.07,3.26E+06,1.51E+05,,0.4817,0.0266,0.0588,0.06,5.52,12.21,13.40,,26.52,1.46,3.24,3.56,26.52,3.63,,,,
717,717V,120.177,7.852,28.142,34.537,88.411,9.23,108.501,11.33,7.16E+06,1.51E+05,,717V,120.123,7.853,50.902,48.162,159.913,16.70,151.305,15.80,2.79E+06,1.51E+05,,0.2919,0.0170,0.0253,0.03,5.83,8.66,10.44,,44.35,2.59,3.84,4.63,44.35,4.72,,,,
718,718V,126.006,8.241,32.597,31.794,102.406,20.21,99.884,19.71,3.47E+06,1.51E+05,,718V,126.033,8.238,42.163,48.143,132.459,26.14,151.246,29.84,2.12E+06,1.51E+05,,0.4590,0.0384,0.0820,0.09,8.36,17.87,19.73,,27.45,2.29,4.91,5.42,27.45,5.53,,,,
719,719A,129.129,8.358,39.718,51.076,124.778,23.72,160.460,30.50,3.53E+06,1.51E+05,,719A,129.069,8.363,37.516,57.38,117.860,22.40,180.265,34.26,2.54E+06,1.51E+05,,0.5395,0.0396,0.0946,0.10,7.33,17.54,19.01,,25.78,1.89,4.52,4.90,25.78,5.00,,,,
724,724E,125.464,8.468,44.245,56.915,139.000,50.98,178.804,65.58,2.44E+06,1.51E+05,,724E,125.441,8.461,113.887,94.307,357.787,131.23,296.274,108.67,5.88E+05,1.51E+05,,0.1808,0.0478,0.0459,0.07,26.46,25.40,36.68,,80.85,21.39,20.53,29.65,,,80.85,31.14,,