Residue,Assignment,N_ppm_dia,H_ppm_dia,NW_Hz_dia,HW_Hz_dia,R2_MQ_diamagnetic,R2_H_diamagnetic,Diamagnetic_height,Diamagnetic_height_error,Diamagnetic_RMS_noise,N_ppm_para,H_ppm_para,NW_Hz_para,HW_Hz_para,R2_MQ_paramagnetic,R2_H_paramagnetic,Paramagnetic_height,Paramagnetic_height_error,Paramagnetic_RMS_noise,Adjusted_ratio_paramagnetic:diamagnetic,Fitting_error,Noise_error,Combined_error,Fitting_error (%),Noise_error (%),Combined_error (%),,R2_SP,R2_SP_fitting_error,R2_SP_noise_error,R2_SP_combined_error,98% confidence R2_SP rates (s^-1) ,Combined error + 2%,96% confidence R2_SP rates (s^-1) ,Combined error + 4%,PRE >0.9 and <0.1 ,PRE >1 and <0 
645,645S,115.388,8.19,38.196,36.811,119.996,115.645,8.19E+06,3.05E+05,2.86E+06,115.406,8.19,39.54,38.698,124.219,121.573,1.55E+07,3.05E+05,4.57E+06,0.9448,0.0398,0.4317,0.43,4.21,45.69,45.88,,2.05,0.09,0.94,0.94,,,,,2.19,
646,646K,124.251,8.134,18.213,25.132,57.218,78.955,3.52E+07,3.05E+05,,124.253,8.134,20.052,27.92,62.995,87.713,6.05E+07,3.05E+05,,0.8588,0.0086,0.0952,0.10,1.00,11.09,11.13,,3.79,0.04,0.42,0.42,,,3.79,0.44,,
648,648A,125.938,8.335,12.749,15.14,40.052,47.564,8.11E+07,3.05E+05,,125.943,8.335,14.727,16.409,46.266,51.550,1.06E+08,3.05E+05,,0.6532,0.0031,0.0364,0.04,0.47,5.57,5.59,,8.03,0.04,0.45,0.45,8.03,0.46,,,,
650,650S,116.068,8.257,20.804,25.01,65.358,78.571,2.60E+07,3.05E+05,,116.066,8.256,22.411,26.502,70.406,83.258,4.42E+07,3.05E+05,,0.8510,0.0116,0.1283,0.13,1.36,15.08,15.14,,4.24,0.06,0.64,0.64,,,4.24,0.67,,
651,651A,126.115,8.316,22.678,26.301,71.245,82.627,1.90E+07,3.05E+05,,126.108,8.317,25.772,27.674,80.965,86.940,3.85E+07,3.05E+05,,1.0130,0.0181,0.1941,0.19,1.79,19.16,19.24,,0.00,0.00,0.00,0.00,,,,,,2.19
652,652E,119.556,8.203,14.912,18.556,46.847,58.295,6.36E+07,3.05E+05,,119.557,8.203,16.291,19.312,51.180,60.670,1.11E+08,3.05E+05,,0.8726,0.0048,0.0531,0.05,0.55,6.09,6.11,,2.82,0.02,0.17,0.17,,,2.82,0.18,,
654,654S,117.071,8.008,32.412,33.971,101.825,106.723,9.34E+06,3.05E+05,,117.082,8.006,35.63,36.885,111.935,115.878,1.73E+07,3.05E+05,,0.9288,0.0344,0.3748,0.38,3.71,40.35,40.53,,2.48,0.09,1.00,1.00,,,,,2.19,
656,656A,125.721,8.114,15.329,15.787,48.157,49.596,7.58E+07,3.05E+05,,125.725,8.114,17.297,17.964,54.340,56.436,1.22E+08,3.05E+05,,0.8053,0.0038,0.0427,0.04,0.47,5.31,5.33,,4.32,0.02,0.23,0.23,,,4.32,0.24,,
658,658G,110.296,8.296,14.898,19.673,46.803,61.805,5.06E+07,3.05E+05,,110.299,8.295,16.758,21.199,52.647,66.599,8.54E+07,3.05E+05,,0.8442,0.0059,0.0657,0.07,0.70,7.78,7.81,,3.59,0.03,0.28,0.28,,,3.59,0.29,,
660,660G,109.518,8.31,13.765,18.627,43.244,58.518,5.61E+07,3.05E+05,,109.522,8.31,15.757,19.799,49.502,62.200,8.92E+07,3.05E+05,,0.7954,0.0051,0.0575,0.06,0.64,7.23,7.25,,4.65,0.03,0.34,0.34,4.65,0.34,,,,
661,661L,121.332,7.822,11.826,15.125,37.152,47.517,1.14E+08,3.05E+05,,121.332,7.821,14.531,17.28,45.650,54.287,1.72E+08,3.05E+05,,0.7541,0.0024,0.0275,0.03,0.32,3.65,3.66,,5.03,0.02,0.18,0.18,5.03,0.19,,,,
662,662V,122.101,7.986,10.496,15.33,32.974,48.161,1.32E+08,3.05E+05,,122.101,7.986,11.658,17.012,36.625,53.445,2.13E+08,3.05E+05,,0.8081,0.0022,0.0247,0.02,0.27,3.05,3.07,,3.57,0.01,0.11,0.11,,,3.57,0.11,,
663,663K,126.806,8.312,12.874,15.449,40.445,48.534,8.30E+07,3.05E+05,,126.81,8.312,14.855,17.22,46.668,54.098,1.30E+08,3.05E+05,,0.7861,0.0034,0.0386,0.04,0.44,4.91,4.93,,4.45,0.02,0.22,0.22,4.45,0.22,,,,
664,664V,123.187,8.165,12.77,14.704,40.118,46.194,9.93E+07,3.05E+05,,123.191,8.164,14.288,16.532,44.887,51.937,1.48E+08,3.05E+05,,0.7478,0.0028,0.0315,0.03,0.37,4.21,4.23,,5.31,0.02,0.22,0.22,5.31,0.23,,,,
665,665A,128.201,8.322,12.913,14.459,40.567,45.424,8.32E+07,3.05E+05,,128.207,8.322,16.103,16.04,50.589,50.391,1.17E+08,3.05E+05,,0.7021,0.0032,0.0365,0.04,0.45,5.20,5.22,,6.51,0.03,0.34,0.34,6.51,0.35,,,,
666,666D,120.284,8.193,13.233,14.805,41.573,46.511,1.73E+08,3.05E+05,,120.285,8.193,14.752,15.757,46.345,49.502,2.88E+08,3.05E+05,,0.8326,0.0017,0.0191,0.02,0.21,2.29,2.30,,3.35,0.01,0.08,0.08,,,3.35,0.08,,
667,667,118.79,8.196,22.978,24.779,72.188,77.846,4.32E+07,3.05E+05,,118.794,8.196,23.833,26.267,74.874,82.520,7.90E+07,3.05E+05,,0.9136,0.0073,0.0802,0.08,0.80,8.78,8.81,,2.43,0.02,0.21,0.21,,,,,2.19,
668,668A,125.435,8.066,14.417,14.961,45.292,47.001,8.60E+07,3.05E+05,,125.442,8.066,15.572,15.839,48.921,49.760,1.47E+08,3.05E+05,,0.8561,0.0035,0.0389,0.04,0.41,4.55,4.56,,2.94,0.01,0.13,0.13,,,2.94,0.14,,
670,670A,124.666,8.321,12.435,13.346,39.066,41.928,9.66E+07,3.05E+05,,124.674,8.32,14.673,14.983,46.097,47.070,1.37E+08,3.05E+05,,0.7114,0.0027,0.0317,0.03,0.39,4.45,4.47,,5.98,0.02,0.27,0.27,5.98,0.27,,,,
672,672A,125.266,8.241,14.388,14.559,45.201,45.738,7.22E+07,3.05E+05,,125.273,8.241,17.735,17.354,55.716,54.519,9.72E+07,3.05E+05,,0.6736,0.0035,0.0414,0.04,0.53,6.14,6.17,,7.67,0.04,0.47,0.47,7.67,0.48,,,,
673,673T,114.615,8.045,13.401,17.763,42.100,55.804,6.97E+07,3.05E+05,,114.619,8.044,16.947,20.685,53.241,64.984,9.19E+07,3.05E+05,,0.6592,0.0036,0.0425,0.04,0.55,6.44,6.47,,8.47,0.05,0.55,0.55,8.47,0.56,,,,
674,674A,124.141,8.06,11.451,17.012,35.974,53.445,9.67E+07,3.05E+05,,124.146,8.06,16.306,21.236,51.227,66.715,1.05E+08,3.05E+05,,0.5437,0.0023,0.0286,0.03,0.43,5.25,5.27,,11.76,0.05,0.62,0.62,11.76,0.63,,,,
675,675A,128.879,8.254,13.479,15.117,42.346,47.491,7.95E+07,3.05E+05,,128.893,8.254,19.136,21.027,60.118,66.058,7.28E+07,3.05E+05,,0.4579,0.0026,0.0331,0.03,0.57,7.23,7.25,,15.92,0.09,1.15,1.15,15.92,1.18,,,,
676,676A,124.229,8.169,13.797,15.456,43.345,48.556,7.92E+07,3.05E+05,,124.251,8.169,23.847,22.296,74.918,70.045,5.08E+07,3.05E+05,,0.3206,0.0023,0.0311,0.03,0.71,9.69,9.71,,24.88,0.18,2.41,2.42,24.88,2.46,,,,
677,677V,119.398,8.014,11.295,15.597,35.484,48.999,1.06E+08,6.59E+04,,119.411,8.014,18.929,22.311,59.467,70.092,7.26E+07,6.59E+04,,0.3416,0.0004,0.0234,0.02,0.11,6.85,6.85,,21.57,0.02,1.48,1.48,21.57,1.51,,,,
678,678D,124.253,8.319,13.736,18.098,43.153,56.857,6.51E+07,3.05E+05,,124.266,8.318,20.554,23.119,64.572,72.630,5.50E+07,3.05E+05,,0.4227,0.0031,0.0397,0.04,0.73,9.40,9.43,,19.04,0.14,1.79,1.79,19.04,1.83,,,,
679,679T,115.268,8.059,18.558,22.825,58.302,71.707,3.43E+07,3.05E+05,,115.276,8.058,24.389,28.192,76.620,88.568,4.24E+07,3.05E+05,,0.6185,0.0071,0.0841,0.08,1.14,13.61,13.65,,12.22,0.14,1.66,1.67,12.22,1.70,,,,
680,680K,123.155,8.227,17.154,17.737,53.891,55.722,4.79E+07,3.05E+05,,123.173,8.227,23.68,20.424,74.393,64.164,4.47E+07,3.05E+05,,0.4670,0.0044,0.0552,0.06,0.93,11.83,11.86,,17.94,0.17,2.12,2.13,17.94,2.17,,,,
681,681G,109.593,8.219,16.017,21.199,50.319,66.599,3.30E+07,3.05E+05,,109.606,8.221,31.934,29.401,100.324,92.366,1.54E+07,3.05E+05,,0.2332,0.0051,0.0721,0.07,2.18,30.90,30.98,,38.91,0.85,12.02,12.05,38.91,12.29,,,,
682,682V,119.652,7.829,11.248,15.672,35.337,49.235,1.17E+08,3.05E+05,,119.671,7.829,21.406,24.18,67.249,75.964,6.45E+07,3.05E+05,,0.2747,0.0015,0.0206,0.02,0.54,7.50,7.52,,26.84,0.14,2.01,2.02,26.84,2.06,,,,
683,683A,128.314,8.3,13.002,15.166,40.847,47.645,8.15E+07,3.05E+05,,128.326,8.3,23.284,22.628,73.149,71.088,3.84E+07,3.05E+05,,0.2355,0.0021,0.0292,0.03,0.88,12.41,12.44,,32.16,0.28,3.99,4.00,32.16,4.08,,,,
684,684R,121.248,8.317,14.028,18.422,44.070,57.874,4.75E+07,3.05E+05,,121.292,8.315,29.275,34.276,91.970,107.681,1.49E+07,3.05E+05,,0.1563,0.0034,0.0490,0.05,2.15,31.34,31.41,,47.79,1.03,14.98,15.01,,,47.79,15.61,,
685,685T,114.956,8.339,27.326,37.708,85.847,118.463,7.71E+06,3.05E+05,,114.964,8.343,27.964,47.477,87.851,149.153,2.38E+06,3.05E+05,,0.1545,0.0207,0.3018,0.30,13.40,195.30,195.76,,72.05,9.65,140.71,141.04,,,72.05,146.68,,
686,686D,122.178,8.224,17.215,19.059,54.083,59.876,4.26E+07,3.05E+05,,122.206,8.223,60.255,28.359,189.297,89.092,1.79E+07,3.05E+05,,0.2099,0.0039,0.0555,0.06,1.85,26.43,26.50,,41.95,0.78,11.09,11.12,41.95,11.34,,,,
687,687G,109.281,8.246,17.485,22.263,54.931,69.941,3.30E+07,3.05E+05,,109.306,8.246,26.335,26.703,82.734,83.890,2.58E+07,3.05E+05,,0.3914,0.0059,0.0772,0.08,1.50,19.72,19.77,,24.58,0.37,4.85,4.86,24.58,4.96,,,,
688,688G,108.481,8.08,12.022,18.448,37.768,57.956,7.32E+07,3.05E+05,,108.511,8.079,29.881,33.77,93.874,106.092,2.48E+07,3.05E+05,,0.1692,0.0022,0.0319,0.03,1.30,18.85,18.90,,42.82,0.56,8.07,8.09,,,42.82,8.42,,
689,689D,121.603,8.209,11.491,15.102,36.100,47.444,7.64E+07,3.05E+05,,121.611,8.206,16.919,17.804,53.153,55.933,2.13E+07,3.05E+05,,0.1396,0.0021,0.0304,0.03,1.48,21.75,21.80,,45.10,0.67,9.81,9.83,,,45.10,10.22,,
691,691F,119.228,8.144,11.801,15.516,37.074,48.745,8.73E+07,3.05E+05,,119.244,8.143,31.211,29.137,98.052,91.537,3.15E+07,3.05E+05,,0.1805,0.0019,0.0268,0.03,1.03,14.86,14.90,,38.48,0.40,5.72,5.73,,,38.48,5.96,,
692,692E,122.216,7.826,12.774,15.054,40.131,47.294,8.36E+07,3.05E+05,,122.217,7.826,34.294,33.387,107.738,104.888,2.56E+07,3.05E+05,,0.1529,0.0019,0.0278,0.03,1.25,18.19,18.24,,44.05,0.55,8.02,8.03,,,44.05,8.36,,
693,693V,122.08,8.022,15.158,16.264,47.620,51.095,6.78E+07,3.05E+05,,122.019,8.028,178.205,186.083,559.848,584.597,7.79E+06,3.05E+05,,0.0574,0.0023,0.0338,0.03,3.94,58.85,58.98,,82.29,3.24,48.43,48.54,,,,,64.48,
705,705A,125.282,8.144,14.018,19.014,44.039,59.734,8.55E+07,3.05E+05,,125.259,8.137,30.787,45.884,96.720,144.149,3.00E+07,3.05E+05,,0.1753,0.0019,0.0274,0.03,1.08,15.60,15.64,,44.58,0.48,6.95,6.97,,,44.58,7.25,,
707,707V,122.117,8.103,12.371,16.502,38.865,51.843,8.74E+07,3.05E+05,,122.127,8.101,22.315,23.424,70.105,73.589,3.15E+07,3.05E+05,,0.1803,0.0019,0.0268,0.03,1.03,14.86,14.90,,39.97,0.41,5.94,5.95,,,39.97,6.19,,
709,709F,122.993,8.195,15.251,18.824,47.912,59.137,5.28E+07,3.05E+05,,123.005,8.193,28.235,36.978,88.703,116.170,3.99E+07,3.05E+05,,0.3779,0.0036,0.0479,0.05,0.96,12.68,12.71,,23.07,0.22,2.92,2.93,23.07,2.99,,,,
710,710,119.378,8.309,19.396,24.916,60.934,78.276,2.60E+07,3.05E+05,,119.403,8.31,29.682,49.974,93.249,156.998,2.51E+07,3.05E+05,,0.4821,0.0081,0.1024,0.10,1.69,21.24,21.31,,20.02,0.34,4.25,4.27,20.02,4.35,,,,
711,711,119.5,8.4,25.006,33.99,78.559,106.783,1.37E+07,3.05E+05,,119.503,8.399,30.783,39.029,96.708,122.613,1.91E+07,3.05E+05,,0.6953,0.0190,0.2201,0.22,2.73,31.66,31.78,,11.48,0.31,3.64,3.65,11.48,3.72,,,,
712,712D,120.519,8.184,13.993,15.94,43.960,50.077,5.86E+07,3.05E+05,,120.521,8.184,17.297,18.806,54.340,59.081,7.75E+07,3.05E+05,,0.6621,0.0043,0.0507,0.05,0.65,7.65,7.68,,8.21,0.05,0.63,0.63,8.21,0.64,,,,
713,713G,109.299,8.289,12.973,18.277,40.756,57.419,5.88E+07,3.05E+05,,109.309,8.288,17.443,20.949,54.799,65.813,7.28E+07,3.05E+05,,0.6187,0.0041,0.0491,0.05,0.67,7.94,7.96,,9.81,0.07,0.78,0.78,9.81,0.80,,,,
714,714T,113.479,7.974,13.412,17.67,42.135,55.512,7.48E+07,3.05E+05,,113.484,7.974,16.345,19.829,51.349,62.295,1.07E+08,3.05E+05,,0.7147,0.0036,0.0409,0.04,0.50,5.73,5.75,,6.73,0.03,0.39,0.39,6.73,0.39,,,,
715,715V,126.279,8.219,14.484,15.318,45.503,48.123,6.75E+07,3.05E+05,,126.288,8.219,20.069,19.628,63.049,61.663,8.01E+07,3.05E+05,,0.5936,0.0035,0.0422,0.04,0.59,7.10,7.13,,10.55,0.06,0.75,0.75,10.55,0.77,,,,
716,716G,108.253,8.194,13.9,19.14,43.668,60.130,5.76E+07,3.05E+05,,108.276,8.193,21.452,24.857,67.393,78.091,5.31E+07,3.05E+05,,0.4607,0.0036,0.0457,0.05,0.78,9.93,9.96,,17.31,0.14,1.72,1.72,17.31,1.76,,,,
717,717V,120.112,7.841,10.425,14.794,32.751,46.477,1.33E+08,3.05E+05,,120.124,7.84,14.859,18.411,46.681,57.840,1.47E+08,3.05E+05,,0.5522,0.0017,0.0209,0.02,0.31,3.78,3.80,,10.46,0.03,0.40,0.40,10.46,0.41,,,,
718,718V,125.871,8.228,10.55,15.315,33.144,48.113,1.09E+08,3.05E+05,,125.873,8.228,14.064,18.017,44.183,56.602,1.26E+08,3.05E+05,,0.5734,0.0021,0.0257,0.03,0.37,4.48,4.49,,9.90,0.04,0.44,0.45,9.90,0.45,,,,
719,719A,129.016,8.348,12.474,14.589,39.188,45.833,8.68E+07,3.05E+05,,129.028,8.347,16.741,18.549,52.593,58.273,9.00E+07,3.05E+05,,0.5183,0.0025,0.0314,0.03,0.49,6.05,6.07,,12.57,0.06,0.76,0.76,12.57,0.78,,,,
721,721A,125.293,8.011,11.459,13.539,36.000,42.534,1.24E+08,3.05E+05,,125.299,8.01,15.258,16.595,47.934,52.135,1.52E+08,3.05E+05,,0.6120,0.0019,0.0231,0.02,0.32,3.78,3.79,,8.58,0.03,0.32,0.33,8.58,0.33,,,,
723,723V,121.204,8.222,9.919,14.779,31.161,46.430,1.15E+08,3.05E+05,,121.209,8.221,13.843,17.7,43.489,55.606,1.36E+08,3.05E+05,,0.5906,0.0021,0.0247,0.02,0.35,4.18,4.19,,8.96,0.03,0.37,0.38,8.96,0.38,,,,
724,724E,125.124,8.458,12.556,14.734,39.446,46.288,9.05E+07,3.05E+05,,125.125,8.458,14.934,17.097,46.917,53.712,1.26E+08,3.05E+05,,0.6971,0.0029,0.0335,0.03,0.41,4.80,4.82,,6.62,0.03,0.32,0.32,6.62,0.33,,,,
725,725G,110.489,8.349,15.96,20.934,50.140,65.766,4.09E+07,3.05E+05,,110.503,8.348,19.285,23.554,60.586,73.997,5.51E+07,3.05E+05,,0.6745,0.0063,0.0731,0.07,0.93,10.84,10.88,,9.06,0.08,0.98,0.99,9.06,1.01,,,,
727,727A,124.315,8.233,20.023,21.15,62.904,66.445,3.11E+07,3.05E+05,,124.327,8.233,25.066,25.449,78.747,79.950,4.56E+07,3.05E+05,,0.7316,0.0087,0.0994,0.10,1.19,13.59,13.64,,7.80,0.09,1.06,1.06,7.80,1.08,,,,
728,728,117.474,8.272,21.353,23.923,67.082,75.156,2.52E+07,3.05E+05,,117.479,8.271,26.146,26.818,82.140,84.251,3.93E+07,3.05E+05,,0.7809,0.0112,0.1269,0.13,1.44,16.25,16.31,,6.53,0.09,1.06,1.07,6.53,1.09,,,,
729,729V,119.832,7.838,11.206,15.088,35.205,47.400,9.80E+07,3.05E+05,,119.832,7.837,13.786,17.555,43.310,55.151,1.40E+08,3.05E+05,,0.7119,0.0027,0.0312,0.03,0.38,4.38,4.40,,5.96,0.02,0.26,0.26,5.96,0.27,,,,
730,730,122.059,8.369,19.364,27.064,60.834,85.024,2.58E+07,3.05E+05,,122.062,8.369,23.152,28.27,72.734,88.813,3.57E+07,3.05E+05,,0.6912,0.0101,0.1168,0.12,1.46,16.90,16.97,,9.92,0.14,1.68,1.68,9.92,1.72,,,,
731,731V,120.668,7.999,13.547,17.782,42.559,55.864,7.80E+07,3.05E+05,,120.668,7.999,15.785,20.283,49.590,63.721,1.05E+08,3.05E+05,,0.6759,0.0033,0.0383,0.04,0.49,5.67,5.69,,7.97,0.04,0.45,0.45,7.97,0.46,,,,
733,733L,124.641,8.076,17.044,21.21,53.545,66.633,4.52E+07,3.05E+05,,124.633,8.075,23.167,27.693,72.781,87.000,5.09E+07,3.05E+05,,0.5634,0.0051,0.0619,0.06,0.90,10.98,11.02,,13.96,0.13,1.53,1.54,13.96,1.57,,,,
734,734R,121.694,8.141,24.289,29.569,76.306,92.894,2.96E+07,3.05E+05,,121.692,8.139,30.298,34.965,95.184,109.846,3.08E+07,3.05E+05,,0.5203,0.0074,0.0921,0.09,1.43,17.70,17.76,,20.27,0.29,3.59,3.60,20.27,3.67,,,,
735,735G,109.409,8.184,32.07,41.429,100.751,130.153,1.19E+07,3.05E+05,,109.455,8.186,50.4,59.159,158.336,185.853,1.36E+07,3.05E+05,,0.5703,0.0194,0.2354,0.24,3.40,41.28,41.42,,20.78,0.71,8.58,8.61,20.78,8.78,,,,
738,738I,121.272,8.066,14.363,19.874,45.123,62.436,8.21E+07,3.05E+05,,121.278,8.066,18.772,22.773,58.974,71.543,8.92E+07,3.05E+05,,0.5433,0.0027,0.0336,0.03,0.50,6.19,6.21,,13.64,0.07,0.84,0.85,13.64,0.86,,,,
739,739K,125.569,8.187,15.329,18.08,48.157,56.800,4.45E+07,3.05E+05,,125.576,8.187,21.16,21.835,66.476,68.597,6.45E+07,3.05E+05,,0.7259,0.0060,0.0694,0.07,0.83,9.56,9.60,,6.83,0.06,0.65,0.66,6.83,0.67,,,,
741,741,122.17,8.179,16.455,18.433,51.695,57.909,4.25E+07,3.05E+05,,122.174,8.179,18.922,21.943,59.445,68.936,6.03E+07,3.05E+05,,0.7092,0.0062,0.0718,0.07,0.88,10.12,10.16,,7.61,0.07,0.77,0.77,7.61,0.79,,,,
745,745V,121.225,7.925,10.874,17.172,34.162,53.947,1.14E+08,3.05E+05,,121.227,7.924,11.459,17.883,36.000,56.181,2.10E+08,3.05E+05,,0.9180,0.0028,0.0304,0.03,0.30,3.31,3.33,,1.48,0.00,0.05,0.05,,,,,2.19,
746,746K,124.497,8.261,12.367,15.728,38.852,49.411,8.51E+07,3.05E+05,,124.5,8.261,14.463,17.38,45.437,54.601,1.29E+08,3.05E+05,,0.7600,0.0033,0.0370,0.04,0.43,4.87,4.89,,5.05,0.02,0.25,0.25,5.05,0.25,,,,
747,747V,125.938,8.164,9.477,14.846,29.773,46.640,1.33E+08,3.05E+05,,125.938,8.164,10.956,16.256,34.419,51.070,2.21E+08,3.05E+05,,0.8328,0.0022,0.0248,0.02,0.27,2.98,2.99,,2.87,0.01,0.09,0.09,,,2.87,0.09,,
748,748I,126.45,8.396,11.352,14.481,35.663,45.493,1.09E+08,3.05E+05,,126.451,8.396,11.95,14.771,37.542,46.404,2.07E+08,3.05E+05,,0.9498,0.0030,0.0326,0.03,0.32,3.43,3.44,,0.85,0.00,0.03,0.03,,,,,2.19,
749,749,125.74,8.249,12.838,15.024,40.332,47.199,9.00E+07,3.05E+05,,125.746,8.249,14.492,15.992,45.528,50.240,1.50E+08,3.05E+05,,0.8335,0.0033,0.0366,0.04,0.40,4.40,4.41,,3.30,0.01,0.15,0.15,,,3.30,0.15,,
750,750G,116.654,7.911,7.474,12.501,23.480,39.273,1.89E+08,3.05E+05,,116.657,7.91,7.955,12.802,24.991,40.219,3.70E+08,3.05E+05,,0.9800,0.0018,0.0191,0.02,0.18,1.95,1.96,,0.26,0.00,0.01,0.01,,,,,2.19,